[
{
    "model": "settingsdb.localsetting",
    "pk": 1,
    "fields": {
        "database_location": "./missions",
        "connected": true
    }
},
{
    "model": "settingsdb.globalsampletype",
    "pk": 1,
    "fields": {
        "short_name": "oxy",
        "long_name": "Oxygen",
        "priority": 1,
        "datatype": 90000203,
        "is_sensor": false
    }
},
{
    "model": "settingsdb.globalsampletype",
    "pk": 2,
    "fields": {
        "short_name": "salts",
        "long_name": "Salinity",
        "priority": 1,
        "datatype": 90000105,
        "is_sensor": false
    }
},
{
    "model": "settingsdb.globalsampletype",
    "pk": 3,
    "fields": {
        "short_name": "chl",
        "long_name": "Chlorophyll",
        "priority": 1,
        "datatype": 90000243,
        "is_sensor": false
    }
},
{
    "model": "settingsdb.globalsampletype",
    "pk": 4,
    "fields": {
        "short_name": "phae",
        "long_name": "Phaeophytin",
        "priority": 1,
        "datatype": 90000244,
        "is_sensor": false
    }
},
{
    "model": "settingsdb.globalsampletype",
    "pk": 5,
    "fields": {
        "short_name": "chl_mean",
        "long_name": "Mean Chlorophyll",
        "priority": 1,
        "datatype": 90000243,
        "is_sensor": false
    }
},
{
    "model": "settingsdb.globalsampletype",
    "pk": 6,
    "fields": {
        "short_name": "phae_mean",
        "long_name": "Mean Phaeophytin",
        "priority": 1,
        "datatype": 90000244,
        "is_sensor": false
    }
},
{
    "model": "settingsdb.globalsampletype",
    "pk": 7,
    "fields": {
        "short_name": "carb",
        "long_name": "Carbon",
        "priority": 1,
        "datatype": 90000192,
        "is_sensor": false
    }
},
{
    "model": "settingsdb.globalsampletype",
    "pk": 8,
    "fields": {
        "short_name": "nitro",
        "long_name": "Nitrogen",
        "priority": 1,
        "datatype": 90000193,
        "is_sensor": false
    }
},
{
    "model": "settingsdb.globalsampletype",
    "pk": 9,
    "fields": {
        "short_name": "carb_l",
        "long_name": "Carbon (Micrograms/Litre)",
        "priority": 1,
        "datatype": 90000192,
        "is_sensor": false
    }
},
{
    "model": "settingsdb.globalsampletype",
    "pk": 10,
    "fields": {
        "short_name": "nitro_l",
        "long_name": "Nitrogen (Micrograms/Litre)",
        "priority": 1,
        "datatype": 90000193,
        "is_sensor": false
    }
},
{
    "model": "settingsdb.globalsampletype",
    "pk": 11,
    "fields": {
        "short_name": "nitrate",
        "long_name": "Nitrate",
        "priority": 1,
        "datatype": 90000199,
        "is_sensor": false
    }
},
{
    "model": "settingsdb.globalsampletype",
    "pk": 12,
    "fields": {
        "short_name": "nitrite",
        "long_name": "Nitrite",
        "priority": 1,
        "datatype": 90000204,
        "is_sensor": false
    }
},
{
    "model": "settingsdb.globalsampletype",
    "pk": 13,
    "fields": {
        "short_name": "phosphate",
        "long_name": "Phosphate",
        "priority": 1,
        "datatype": 90000198,
        "is_sensor": false
    }
},
{
    "model": "settingsdb.globalsampletype",
    "pk": 14,
    "fields": {
        "short_name": "silicate",
        "long_name": "Silicate",
        "priority": 1,
        "datatype": 90000200,
        "is_sensor": false
    }
},
{
    "model": "settingsdb.globalsampletype",
    "pk": 15,
    "fields": {
        "short_name": "ammonium",
        "long_name": "Ammonium",
        "priority": 1,
        "datatype": 90000367,
        "is_sensor": false
    }
},
{
    "model": "settingsdb.globalsampletype",
    "pk": 16,
    "fields": {
        "short_name": "acarot",
        "long_name": "HPLC ACAROT",
        "priority": 1,
        "datatype": 90000276,
        "is_sensor": false
    }
},
{
    "model": "settingsdb.globalsampletype",
    "pk": 17,
    "fields": {
        "short_name": "allox",
        "long_name": "HPLC ALLOX",
        "priority": 1,
        "datatype": 90000277,
        "is_sensor": false
    }
},
{
    "model": "settingsdb.globalsampletype",
    "pk": 18,
    "fields": {
        "short_name": "astax",
        "long_name": "HPLC ASTAX",
        "priority": 1,
        "datatype": 90000278,
        "is_sensor": false
    }
},
{
    "model": "settingsdb.globalsampletype",
    "pk": 19,
    "fields": {
        "short_name": "bcarot",
        "long_name": "HPLC BCAROT",
        "priority": 1,
        "datatype": 90000279,
        "is_sensor": false
    }
},
{
    "model": "settingsdb.globalsampletype",
    "pk": 20,
    "fields": {
        "short_name": "but19",
        "long_name": "HPLC BUT19",
        "priority": 1,
        "datatype": 90000280,
        "is_sensor": false
    }
},
{
    "model": "settingsdb.globalsampletype",
    "pk": 21,
    "fields": {
        "short_name": "butlike",
        "long_name": "HPLC BUTLIKE",
        "priority": 1,
        "datatype": 90000281,
        "is_sensor": false
    }
},
{
    "model": "settingsdb.globalsampletype",
    "pk": 22,
    "fields": {
        "short_name": "chla",
        "long_name": "HPLC CHLA",
        "priority": 1,
        "datatype": 90000282,
        "is_sensor": false
    }
},
{
    "model": "settingsdb.globalsampletype",
    "pk": 23,
    "fields": {
        "short_name": "chlb",
        "long_name": "HPLC CHLB",
        "priority": 1,
        "datatype": 90000283,
        "is_sensor": false
    }
},
{
    "model": "settingsdb.globalsampletype",
    "pk": 24,
    "fields": {
        "short_name": "chlc12",
        "long_name": "HPLC CHLC12",
        "priority": 1,
        "datatype": 90000284,
        "is_sensor": false
    }
},
{
    "model": "settingsdb.globalsampletype",
    "pk": 25,
    "fields": {
        "short_name": "chlc3",
        "long_name": "HPLC CHLC3",
        "priority": 1,
        "datatype": 90000285,
        "is_sensor": false
    }
},
{
    "model": "settingsdb.globalsampletype",
    "pk": 26,
    "fields": {
        "short_name": "chlidea",
        "long_name": "HPLC CHLIDEA",
        "priority": 1,
        "datatype": 90000286,
        "is_sensor": false
    }
},
{
    "model": "settingsdb.globalsampletype",
    "pk": 27,
    "fields": {
        "short_name": "diadinox",
        "long_name": "HPLC DIADINOX",
        "priority": 1,
        "datatype": 90000287,
        "is_sensor": false
    }
},
{
    "model": "settingsdb.globalsampletype",
    "pk": 28,
    "fields": {
        "short_name": "diatox",
        "long_name": "HPLC DIATOX",
        "priority": 1,
        "datatype": 90000288,
        "is_sensor": false
    }
},
{
    "model": "settingsdb.globalsampletype",
    "pk": 29,
    "fields": {
        "short_name": "fucox",
        "long_name": "HPLC FUCOX",
        "priority": 1,
        "datatype": 90000289,
        "is_sensor": false
    }
},
{
    "model": "settingsdb.globalsampletype",
    "pk": 30,
    "fields": {
        "short_name": "hex19",
        "long_name": "HPLC HEX19",
        "priority": 1,
        "datatype": 90000290,
        "is_sensor": false
    }
},
{
    "model": "settingsdb.globalsampletype",
    "pk": 31,
    "fields": {
        "short_name": "hexlike",
        "long_name": "HPLC HEXLIKE",
        "priority": 1,
        "datatype": 90000291,
        "is_sensor": false
    }
},
{
    "model": "settingsdb.globalsampletype",
    "pk": 32,
    "fields": {
        "short_name": "hexlike2",
        "long_name": "HPLC HEXLIKE2",
        "priority": 1,
        "datatype": 90000292,
        "is_sensor": false
    }
},
{
    "model": "settingsdb.globalsampletype",
    "pk": 33,
    "fields": {
        "short_name": "perid",
        "long_name": "HPLC PERID",
        "priority": 1,
        "datatype": 90000293,
        "is_sensor": false
    }
},
{
    "model": "settingsdb.globalsampletype",
    "pk": 34,
    "fields": {
        "short_name": "phaeo",
        "long_name": "HPLC PHAEO",
        "priority": 1,
        "datatype": 90000294,
        "is_sensor": false
    }
},
{
    "model": "settingsdb.globalsampletype",
    "pk": 35,
    "fields": {
        "short_name": "prasinox",
        "long_name": "HPLC PRASINOX",
        "priority": 1,
        "datatype": 90000295,
        "is_sensor": false
    }
},
{
    "model": "settingsdb.globalsampletype",
    "pk": 36,
    "fields": {
        "short_name": "pyrophae",
        "long_name": "HPLC PYROPHAE",
        "priority": 1,
        "datatype": 90000296,
        "is_sensor": false
    }
},
{
    "model": "settingsdb.globalsampletype",
    "pk": 37,
    "fields": {
        "short_name": "violax",
        "long_name": "HPLC VIOLAX",
        "priority": 1,
        "datatype": 90000297,
        "is_sensor": false
    }
},
{
    "model": "settingsdb.globalsampletype",
    "pk": 38,
    "fields": {
        "short_name": "zea",
        "long_name": "HPLC ZEA",
        "priority": 1,
        "datatype": 90000298,
        "is_sensor": false
    }
},
{
    "model": "settingsdb.globalsampletype",
    "pk": 39,
    "fields": {
        "short_name": "f12",
        "long_name": "Freon 12",
        "priority": 1,
        "datatype": 90001136,
        "is_sensor": false
    }
},
{
    "model": "settingsdb.globalsampletype",
    "pk": 40,
    "fields": {
        "short_name": "sf6",
        "long_name": "Sulfur Hexafluoride",
        "priority": 1,
        "datatype": 90001135,
        "is_sensor": false
    }
},
{
    "model": "settingsdb.globalsampletype",
    "pk": 41,
    "fields": {
        "short_name": "ph_25",
        "long_name": "pH at 25°C",
        "priority": 1,
        "datatype": 90000330,
        "is_sensor": false
    }
},
{
    "model": "settingsdb.globalsampletype",
    "pk": 42,
    "fields": {
        "short_name": "prDM",
        "long_name": "Pressure, Digiquartz [db]",
        "priority": 1,
        "datatype": null,
        "is_sensor": true
    }
},
{
    "model": "settingsdb.globalsampletype",
    "pk": 43,
    "fields": {
        "short_name": "t090C",
        "long_name": "Temperature [ITS-90, deg C]",
        "priority": 1,
        "datatype": null,
        "is_sensor": true
    }
},
{
    "model": "settingsdb.globalsampletype",
    "pk": 44,
    "fields": {
        "short_name": "c0S/m",
        "long_name": "Conductivity [S/m]",
        "priority": 1,
        "datatype": null,
        "is_sensor": true
    }
},
{
    "model": "settingsdb.globalsampletype",
    "pk": 45,
    "fields": {
        "short_name": "t190C",
        "long_name": "Temperature [ITS-90, deg C]",
        "priority": 2,
        "datatype": null,
        "is_sensor": true
    }
},
{
    "model": "settingsdb.globalsampletype",
    "pk": 46,
    "fields": {
        "short_name": "c1S/m",
        "long_name": "Conductivity [S/m]",
        "priority": 2,
        "datatype": null,
        "is_sensor": true
    }
},
{
    "model": "settingsdb.globalsampletype",
    "pk": 47,
    "fields": {
        "short_name": "altM",
        "long_name": "Altimeter [m]",
        "priority": 1,
        "datatype": null,
        "is_sensor": true
    }
},
{
    "model": "settingsdb.globalsampletype",
    "pk": 48,
    "fields": {
        "short_name": "par/log",
        "long_name": "PAR/Logarithmic, Satlantic [umol photons/m2/s]",
        "priority": 1,
        "datatype": null,
        "is_sensor": true
    }
},
{
    "model": "settingsdb.globalsampletype",
    "pk": 49,
    "fields": {
        "short_name": "sbeox0V",
        "long_name": "Oxygen raw, SBE 43 [V]",
        "priority": 1,
        "datatype": null,
        "is_sensor": true
    }
},
{
    "model": "settingsdb.globalsampletype",
    "pk": 50,
    "fields": {
        "short_name": "sbeox1V",
        "long_name": "Oxygen raw, SBE 43 [V]",
        "priority": 2,
        "datatype": null,
        "is_sensor": true
    }
},
{
    "model": "settingsdb.globalsampletype",
    "pk": 51,
    "fields": {
        "short_name": "flSPuv0",
        "long_name": "Fluorescence, Seapoint Ultraviolet",
        "priority": 1,
        "datatype": null,
        "is_sensor": true
    }
},
{
    "model": "settingsdb.globalsampletype",
    "pk": 52,
    "fields": {
        "short_name": "flSP",
        "long_name": "Fluorescence, Seapoint",
        "priority": 1,
        "datatype": null,
        "is_sensor": true
    }
},
{
    "model": "settingsdb.globalsampletype",
    "pk": 53,
    "fields": {
        "short_name": "ph",
        "long_name": "pH",
        "priority": 1,
        "datatype": null,
        "is_sensor": true
    }
},
{
    "model": "settingsdb.globalsampletype",
    "pk": 54,
    "fields": {
        "short_name": "turbWETbb0",
        "long_name": "Turbidity, WET Labs ECO BB [m^-1/sr]",
        "priority": 1,
        "datatype": null,
        "is_sensor": true
    }
},
{
    "model": "settingsdb.globalsampletype",
    "pk": 55,
    "fields": {
        "short_name": "sbeox0ml/l",
        "long_name": "ml/l",
        "priority": 1,
        "datatype": null,
        "is_sensor": true
    }
},
{
    "model": "settingsdb.globalsampletype",
    "pk": 56,
    "fields": {
        "short_name": "sbeox1ml/l",
        "long_name": "ml/l",
        "priority": 2,
        "datatype": null,
        "is_sensor": true
    }
},
{
    "model": "settingsdb.globalsampletype",
    "pk": 57,
    "fields": {
        "short_name": "sal00",
        "long_name": null,
        "priority": 1,
        "datatype": null,
        "is_sensor": true
    }
},
{
    "model": "settingsdb.globalsampletype",
    "pk": 58,
    "fields": {
        "short_name": "sal11",
        "long_name": null,
        "priority": 2,
        "datatype": null,
        "is_sensor": true
    }
},
{
    "model": "settingsdb.globalsampletype",
    "pk": 59,
    "fields": {
        "short_name": "potemp090c",
        "long_name": "90c",
        "priority": 1,
        "datatype": null,
        "is_sensor": true
    }
},
{
    "model": "settingsdb.globalsampletype",
    "pk": 60,
    "fields": {
        "short_name": "potemp190c",
        "long_name": "90c",
        "priority": 2,
        "datatype": null,
        "is_sensor": true
    }
},
{
    "model": "settingsdb.globalsampletype",
    "pk": 61,
    "fields": {
        "short_name": "sigma-é00",
        "long_name": null,
        "priority": 1,
        "datatype": null,
        "is_sensor": true
    }
},
{
    "model": "settingsdb.globalsampletype",
    "pk": 62,
    "fields": {
        "short_name": "sigma-é11",
        "long_name": null,
        "priority": 2,
        "datatype": null,
        "is_sensor": true
    }
},
{
    "model": "settingsdb.sampletypeconfig",
    "pk": 1,
    "fields": {
        "sample_type": 1,
        "file_type": "csv",
        "skip": 9,
        "sample_field": "sample",
        "value_field": "o2_concentration(ml/l)",
        "tab": 0,
        "flag_field": "",
        "comment_field": "comments",
        "allow_blank": false,
        "allow_replicate": true
    }
},
{
    "model": "settingsdb.sampletypeconfig",
    "pk": 2,
    "fields": {
        "sample_type": 2,
        "file_type": "xlsx",
        "skip": 0,
        "sample_field": "bottle label",
        "value_field": "calculated salinity",
        "tab": 0,
        "flag_field": "",
        "comment_field": "comments",
        "allow_blank": false,
        "allow_replicate": true
    }
},
{
    "model": "settingsdb.sampletypeconfig",
    "pk": 3,
    "fields": {
        "sample_type": 5,
        "file_type": "xlsx",
        "skip": 19,
        "sample_field": "i.d.",
        "value_field": "mean c",
        "tab": 0,
        "flag_field": "",
        "comment_field": "",
        "allow_blank": false,
        "allow_replicate": false
    }
},
{
    "model": "settingsdb.sampletypeconfig",
    "pk": 4,
    "fields": {
        "sample_type": 6,
        "file_type": "xlsx",
        "skip": 19,
        "sample_field": "i.d.",
        "value_field": "mean p",
        "tab": 0,
        "flag_field": "",
        "comment_field": "",
        "allow_blank": false,
        "allow_replicate": false
    }
},
{
    "model": "settingsdb.sampletypeconfig",
    "pk": 5,
    "fields": {
        "sample_type": 11,
        "file_type": "xlsx",
        "skip": 0,
        "sample_field": "sample_id",
        "value_field": "nitrate",
        "tab": 0,
        "flag_field": "nitrate_qc",
        "comment_field": "comment",
        "allow_blank": false,
        "allow_replicate": true
    }
},
{
    "model": "settingsdb.sampletypeconfig",
    "pk": 6,
    "fields": {
        "sample_type": 12,
        "file_type": "xlsx",
        "skip": 0,
        "sample_field": "sample_id",
        "value_field": "nitrite",
        "tab": 0,
        "flag_field": "nitrite_qc",
        "comment_field": "comment",
        "allow_blank": false,
        "allow_replicate": true
    }
},
{
    "model": "settingsdb.sampletypeconfig",
    "pk": 7,
    "fields": {
        "sample_type": 13,
        "file_type": "xlsx",
        "skip": 0,
        "sample_field": "sample_id",
        "value_field": "phosphate",
        "tab": 0,
        "flag_field": "phosphate_qc",
        "comment_field": "comment",
        "allow_blank": false,
        "allow_replicate": true
    }
},
{
    "model": "settingsdb.sampletypeconfig",
    "pk": 8,
    "fields": {
        "sample_type": 14,
        "file_type": "xlsx",
        "skip": 0,
        "sample_field": "sample_id",
        "value_field": "silicate",
        "tab": 0,
        "flag_field": "silicate_qc",
        "comment_field": "comment",
        "allow_blank": false,
        "allow_replicate": true
    }
},
{
    "model": "settingsdb.sampletypeconfig",
    "pk": 9,
    "fields": {
        "sample_type": 15,
        "file_type": "xlsx",
        "skip": 0,
        "sample_field": "sample_id",
        "value_field": "ammonium",
        "tab": 0,
        "flag_field": "ammonium_qc",
        "comment_field": "comment",
        "allow_blank": false,
        "allow_replicate": true
    }
},
{
    "model": "settingsdb.sampletypeconfig",
    "pk": 10,
    "fields": {
        "sample_type": 7,
        "file_type": "xls",
        "skip": 3,
        "sample_field": "i.d.",
        "value_field": "carbon(micrograms)",
        "tab": 0,
        "flag_field": "",
        "comment_field": "",
        "allow_blank": false,
        "allow_replicate": true
    }
},
{
    "model": "settingsdb.sampletypeconfig",
    "pk": 11,
    "fields": {
        "sample_type": 8,
        "file_type": "xls",
        "skip": 3,
        "sample_field": "i.d.",
        "value_field": "nitrogen(micrograms)",
        "tab": 0,
        "flag_field": "",
        "comment_field": "",
        "allow_blank": false,
        "allow_replicate": true
    }
},
{
    "model": "settingsdb.sampletypeconfig",
    "pk": 12,
    "fields": {
        "sample_type": 9,
        "file_type": "xls",
        "skip": 3,
        "sample_field": "i.d.",
        "value_field": "c/l(micrograms/litre)",
        "tab": 0,
        "flag_field": "",
        "comment_field": "",
        "allow_blank": false,
        "allow_replicate": true
    }
},
{
    "model": "settingsdb.sampletypeconfig",
    "pk": 13,
    "fields": {
        "sample_type": 10,
        "file_type": "xls",
        "skip": 3,
        "sample_field": "i.d.",
        "value_field": "n/l(micrograms/litre)",
        "tab": 0,
        "flag_field": "",
        "comment_field": "",
        "allow_blank": false,
        "allow_replicate": true
    }
},
{
    "model": "settingsdb.sampletypeconfig",
    "pk": 14,
    "fields": {
        "sample_type": 16,
        "file_type": "xlsm",
        "skip": 4,
        "sample_field": "id",
        "value_field": "acarot",
        "tab": 0,
        "flag_field": "",
        "comment_field": "",
        "allow_blank": false,
        "allow_replicate": true
    }
},
{
    "model": "settingsdb.sampletypeconfig",
    "pk": 15,
    "fields": {
        "sample_type": 17,
        "file_type": "xlsm",
        "skip": 4,
        "sample_field": "id",
        "value_field": "allox",
        "tab": 0,
        "flag_field": "",
        "comment_field": "",
        "allow_blank": false,
        "allow_replicate": true
    }
},
{
    "model": "settingsdb.sampletypeconfig",
    "pk": 16,
    "fields": {
        "sample_type": 18,
        "file_type": "xlsm",
        "skip": 4,
        "sample_field": "id",
        "value_field": "astax",
        "tab": 0,
        "flag_field": "",
        "comment_field": "",
        "allow_blank": false,
        "allow_replicate": true
    }
},
{
    "model": "settingsdb.sampletypeconfig",
    "pk": 17,
    "fields": {
        "sample_type": 19,
        "file_type": "xlsm",
        "skip": 4,
        "sample_field": "id",
        "value_field": "bcarot",
        "tab": 0,
        "flag_field": "",
        "comment_field": "",
        "allow_blank": false,
        "allow_replicate": true
    }
},
{
    "model": "settingsdb.sampletypeconfig",
    "pk": 18,
    "fields": {
        "sample_type": 20,
        "file_type": "xlsm",
        "skip": 4,
        "sample_field": "id",
        "value_field": "but19",
        "tab": 0,
        "flag_field": "",
        "comment_field": "",
        "allow_blank": false,
        "allow_replicate": true
    }
},
{
    "model": "settingsdb.sampletypeconfig",
    "pk": 19,
    "fields": {
        "sample_type": 21,
        "file_type": "xlsm",
        "skip": 4,
        "sample_field": "id",
        "value_field": "butlike",
        "tab": 0,
        "flag_field": "",
        "comment_field": "",
        "allow_blank": false,
        "allow_replicate": true
    }
},
{
    "model": "settingsdb.sampletypeconfig",
    "pk": 20,
    "fields": {
        "sample_type": 22,
        "file_type": "xlsm",
        "skip": 4,
        "sample_field": "id",
        "value_field": "hplchla",
        "tab": 0,
        "flag_field": "",
        "comment_field": "",
        "allow_blank": false,
        "allow_replicate": true
    }
},
{
    "model": "settingsdb.sampletypeconfig",
    "pk": 21,
    "fields": {
        "sample_type": 23,
        "file_type": "xlsm",
        "skip": 4,
        "sample_field": "id",
        "value_field": "chlb",
        "tab": 0,
        "flag_field": "",
        "comment_field": "",
        "allow_blank": false,
        "allow_replicate": true
    }
},
{
    "model": "settingsdb.sampletypeconfig",
    "pk": 22,
    "fields": {
        "sample_type": 24,
        "file_type": "xlsm",
        "skip": 4,
        "sample_field": "id",
        "value_field": "chlc12",
        "tab": 0,
        "flag_field": "",
        "comment_field": "",
        "allow_blank": false,
        "allow_replicate": true
    }
},
{
    "model": "settingsdb.sampletypeconfig",
    "pk": 23,
    "fields": {
        "sample_type": 25,
        "file_type": "xlsm",
        "skip": 4,
        "sample_field": "id",
        "value_field": "chlc3",
        "tab": 0,
        "flag_field": "",
        "comment_field": "",
        "allow_blank": false,
        "allow_replicate": true
    }
},
{
    "model": "settingsdb.sampletypeconfig",
    "pk": 24,
    "fields": {
        "sample_type": 26,
        "file_type": "xlsm",
        "skip": 4,
        "sample_field": "id",
        "value_field": "chlidea",
        "tab": 0,
        "flag_field": "",
        "comment_field": "",
        "allow_blank": false,
        "allow_replicate": true
    }
},
{
    "model": "settingsdb.sampletypeconfig",
    "pk": 25,
    "fields": {
        "sample_type": 27,
        "file_type": "xlsm",
        "skip": 4,
        "sample_field": "id",
        "value_field": "diadinox",
        "tab": 0,
        "flag_field": "",
        "comment_field": "",
        "allow_blank": false,
        "allow_replicate": true
    }
},
{
    "model": "settingsdb.sampletypeconfig",
    "pk": 26,
    "fields": {
        "sample_type": 28,
        "file_type": "xlsm",
        "skip": 4,
        "sample_field": "id",
        "value_field": "diatox",
        "tab": 0,
        "flag_field": "",
        "comment_field": "",
        "allow_blank": false,
        "allow_replicate": true
    }
},
{
    "model": "settingsdb.sampletypeconfig",
    "pk": 27,
    "fields": {
        "sample_type": 29,
        "file_type": "xlsm",
        "skip": 4,
        "sample_field": "id",
        "value_field": "fucox",
        "tab": 0,
        "flag_field": "",
        "comment_field": "",
        "allow_blank": false,
        "allow_replicate": true
    }
},
{
    "model": "settingsdb.sampletypeconfig",
    "pk": 28,
    "fields": {
        "sample_type": 30,
        "file_type": "xlsm",
        "skip": 4,
        "sample_field": "id",
        "value_field": "hex19",
        "tab": 0,
        "flag_field": "",
        "comment_field": "",
        "allow_blank": false,
        "allow_replicate": true
    }
},
{
    "model": "settingsdb.sampletypeconfig",
    "pk": 29,
    "fields": {
        "sample_type": 31,
        "file_type": "xlsm",
        "skip": 4,
        "sample_field": "id",
        "value_field": "hexlike",
        "tab": 0,
        "flag_field": "",
        "comment_field": "",
        "allow_blank": false,
        "allow_replicate": true
    }
},
{
    "model": "settingsdb.sampletypeconfig",
    "pk": 30,
    "fields": {
        "sample_type": 32,
        "file_type": "xlsm",
        "skip": 4,
        "sample_field": "id",
        "value_field": "hexlike2",
        "tab": 0,
        "flag_field": "",
        "comment_field": "",
        "allow_blank": false,
        "allow_replicate": true
    }
},
{
    "model": "settingsdb.sampletypeconfig",
    "pk": 31,
    "fields": {
        "sample_type": 33,
        "file_type": "xlsm",
        "skip": 4,
        "sample_field": "id",
        "value_field": "perid",
        "tab": 0,
        "flag_field": "",
        "comment_field": "",
        "allow_blank": false,
        "allow_replicate": true
    }
},
{
    "model": "settingsdb.sampletypeconfig",
    "pk": 32,
    "fields": {
        "sample_type": 34,
        "file_type": "xlsm",
        "skip": 4,
        "sample_field": "id",
        "value_field": "hplcphae",
        "tab": 0,
        "flag_field": "",
        "comment_field": "",
        "allow_blank": false,
        "allow_replicate": true
    }
},
{
    "model": "settingsdb.sampletypeconfig",
    "pk": 33,
    "fields": {
        "sample_type": 35,
        "file_type": "xlsm",
        "skip": 4,
        "sample_field": "id",
        "value_field": "prasinox",
        "tab": 0,
        "flag_field": "",
        "comment_field": "",
        "allow_blank": false,
        "allow_replicate": true
    }
},
{
    "model": "settingsdb.sampletypeconfig",
    "pk": 34,
    "fields": {
        "sample_type": 37,
        "file_type": "xlsm",
        "skip": 4,
        "sample_field": "id",
        "value_field": "violax",
        "tab": 0,
        "flag_field": "",
        "comment_field": "",
        "allow_blank": false,
        "allow_replicate": true
    }
},
{
    "model": "settingsdb.sampletypeconfig",
    "pk": 35,
    "fields": {
        "sample_type": 38,
        "file_type": "xlsm",
        "skip": 4,
        "sample_field": "id",
        "value_field": "zea",
        "tab": 0,
        "flag_field": "",
        "comment_field": "",
        "allow_blank": false,
        "allow_replicate": true
    }
},
{
    "model": "settingsdb.sampletypeconfig",
    "pk": 36,
    "fields": {
        "sample_type": 1,
        "file_type": "xlsx",
        "skip": 9,
        "sample_field": "sample",
        "value_field": "o2_concentration(ml/l)",
        "tab": 0,
        "flag_field": "",
        "comment_field": "comments",
        "allow_blank": false,
        "allow_replicate": true
    }
},
{
    "model": "settingsdb.sampletypeconfig",
    "pk": 37,
    "fields": {
        "sample_type": 2,
        "file_type": "xlsx",
        "skip": 1,
        "sample_field": "bottle label",
        "value_field": "calculated salinity",
        "tab": 0,
        "flag_field": "",
        "comment_field": "comments",
        "allow_blank": false,
        "allow_replicate": true
    }
},
{
    "model": "settingsdb.sampletypeconfig",
    "pk": 38,
    "fields": {
        "sample_type": 5,
        "file_type": "xlsx",
        "skip": 1,
        "sample_field": "i.d.",
        "value_field": "mean c",
        "tab": 0,
        "flag_field": "",
        "comment_field": "",
        "allow_blank": false,
        "allow_replicate": false
    }
},
{
    "model": "settingsdb.sampletypeconfig",
    "pk": 39,
    "fields": {
        "sample_type": 6,
        "file_type": "xlsx",
        "skip": 1,
        "sample_field": "i.d.",
        "value_field": "mean p",
        "tab": 0,
        "flag_field": "",
        "comment_field": "",
        "allow_blank": false,
        "allow_replicate": false
    }
},
{
    "model": "settingsdb.sampletypeconfig",
    "pk": 40,
    "fields": {
        "sample_type": 11,
        "file_type": "xlsx",
        "skip": 1,
        "sample_field": "sample_id",
        "value_field": "nitrate",
        "tab": 0,
        "flag_field": "nitrate_qc",
        "comment_field": "",
        "allow_blank": true,
        "allow_replicate": true
    }
},
{
    "model": "settingsdb.sampletypeconfig",
    "pk": 41,
    "fields": {
        "sample_type": 12,
        "file_type": "xlsx",
        "skip": 1,
        "sample_field": "sample_id",
        "value_field": "nitrite",
        "tab": 0,
        "flag_field": "nitrite_qc",
        "comment_field": "",
        "allow_blank": true,
        "allow_replicate": true
    }
},
{
    "model": "settingsdb.sampletypeconfig",
    "pk": 42,
    "fields": {
        "sample_type": 13,
        "file_type": "xlsx",
        "skip": 1,
        "sample_field": "sample_id",
        "value_field": "phosphate",
        "tab": 0,
        "flag_field": "phosphate_qc",
        "comment_field": "",
        "allow_blank": true,
        "allow_replicate": true
    }
},
{
    "model": "settingsdb.sampletypeconfig",
    "pk": 43,
    "fields": {
        "sample_type": 14,
        "file_type": "xlsx",
        "skip": 1,
        "sample_field": "sample_id",
        "value_field": "silicate",
        "tab": 0,
        "flag_field": "silicste_qc",
        "comment_field": "",
        "allow_blank": true,
        "allow_replicate": true
    }
},
{
    "model": "settingsdb.sampletypeconfig",
    "pk": 44,
    "fields": {
        "sample_type": 15,
        "file_type": "xlsx",
        "skip": 1,
        "sample_field": "sample_id",
        "value_field": "ammonium",
        "tab": 0,
        "flag_field": "ammonium_qc",
        "comment_field": "",
        "allow_blank": true,
        "allow_replicate": true
    }
},
{
    "model": "settingsdb.sampletypeconfig",
    "pk": 45,
    "fields": {
        "sample_type": 7,
        "file_type": "xls",
        "skip": 1,
        "sample_field": "i.d.",
        "value_field": "carbon(micrograms)",
        "tab": 0,
        "flag_field": "poc_qc",
        "comment_field": "",
        "allow_blank": false,
        "allow_replicate": true
    }
},
{
    "model": "settingsdb.sampletypeconfig",
    "pk": 46,
    "fields": {
        "sample_type": 8,
        "file_type": "xls",
        "skip": 1,
        "sample_field": "i.d.",
        "value_field": "nitrogen(micrograms)",
        "tab": 0,
        "flag_field": "pon_qc",
        "comment_field": "",
        "allow_blank": false,
        "allow_replicate": true
    }
},
{
    "model": "settingsdb.sampletypeconfig",
    "pk": 47,
    "fields": {
        "sample_type": 9,
        "file_type": "xls",
        "skip": 1,
        "sample_field": "i.d.",
        "value_field": "c/l(micrograms/litre)",
        "tab": 0,
        "flag_field": "",
        "comment_field": "",
        "allow_blank": false,
        "allow_replicate": true
    }
},
{
    "model": "settingsdb.sampletypeconfig",
    "pk": 48,
    "fields": {
        "sample_type": 10,
        "file_type": "xls",
        "skip": 1,
        "sample_field": "i.d.",
        "value_field": "n/l(micrograms/litre)",
        "tab": 0,
        "flag_field": "",
        "comment_field": "",
        "allow_blank": false,
        "allow_replicate": true
    }
},
{
    "model": "settingsdb.sampletypeconfig",
    "pk": 49,
    "fields": {
        "sample_type": 1,
        "file_type": "xlsx",
        "skip": 1,
        "sample_field": "sample",
        "value_field": "o2_concentration(ml/l)",
        "tab": 0,
        "flag_field": "",
        "comment_field": "comments",
        "allow_blank": false,
        "allow_replicate": true
    }
},
{
    "model": "settingsdb.sampletypeconfig",
    "pk": 50,
    "fields": {
        "sample_type": 3,
        "file_type": "xlsx",
        "skip": 1,
        "sample_field": "i.d.",
        "value_field": "chl.",
        "tab": 0,
        "flag_field": "",
        "comment_field": "",
        "allow_blank": true,
        "allow_replicate": true
    }
},
{
    "model": "settingsdb.sampletypeconfig",
    "pk": 51,
    "fields": {
        "sample_type": 4,
        "file_type": "xlsx",
        "skip": 1,
        "sample_field": "i.d.",
        "value_field": "phae.",
        "tab": 0,
        "flag_field": "",
        "comment_field": "",
        "allow_blank": true,
        "allow_replicate": true
    }
},
{
    "model": "settingsdb.sampletypeconfig",
    "pk": 52,
    "fields": {
        "sample_type": 7,
        "file_type": "xlsx",
        "skip": 1,
        "sample_field": "i.d.",
        "value_field": "carbon(micrograms)",
        "tab": 0,
        "flag_field": "poc_qc",
        "comment_field": "",
        "allow_blank": true,
        "allow_replicate": true
    }
},
{
    "model": "settingsdb.sampletypeconfig",
    "pk": 53,
    "fields": {
        "sample_type": 8,
        "file_type": "xlsx",
        "skip": 1,
        "sample_field": "i.d.",
        "value_field": "nitrogen(micrograms)",
        "tab": 0,
        "flag_field": "pon_qc",
        "comment_field": "",
        "allow_blank": true,
        "allow_replicate": true
    }
},
{
    "model": "settingsdb.sampletypeconfig",
    "pk": 54,
    "fields": {
        "sample_type": 9,
        "file_type": "xlsx",
        "skip": 1,
        "sample_field": "i.d.",
        "value_field": "c/l(micrograms/litre)",
        "tab": 0,
        "flag_field": "poc_qc.1",
        "comment_field": "",
        "allow_blank": true,
        "allow_replicate": true
    }
},
{
    "model": "settingsdb.sampletypeconfig",
    "pk": 55,
    "fields": {
        "sample_type": 10,
        "file_type": "xlsx",
        "skip": 1,
        "sample_field": "i.d.",
        "value_field": "n/l(micrograms/litre)",
        "tab": 0,
        "flag_field": "pon_qc.1",
        "comment_field": "",
        "allow_blank": true,
        "allow_replicate": true
    }
},
{
    "model": "settingsdb.sampletypeconfig",
    "pk": 56,
    "fields": {
        "sample_type": 16,
        "file_type": "xlsx",
        "skip": 1,
        "sample_field": "id",
        "value_field": "acarot",
        "tab": 0,
        "flag_field": "",
        "comment_field": "",
        "allow_blank": false,
        "allow_replicate": true
    }
},
{
    "model": "settingsdb.sampletypeconfig",
    "pk": 57,
    "fields": {
        "sample_type": 17,
        "file_type": "xlsx",
        "skip": 1,
        "sample_field": "id",
        "value_field": "allox",
        "tab": 0,
        "flag_field": "",
        "comment_field": "",
        "allow_blank": false,
        "allow_replicate": true
    }
},
{
    "model": "settingsdb.sampletypeconfig",
    "pk": 58,
    "fields": {
        "sample_type": 18,
        "file_type": "xlsx",
        "skip": 1,
        "sample_field": "id",
        "value_field": "astax",
        "tab": 0,
        "flag_field": "",
        "comment_field": "",
        "allow_blank": false,
        "allow_replicate": true
    }
},
{
    "model": "settingsdb.sampletypeconfig",
    "pk": 59,
    "fields": {
        "sample_type": 19,
        "file_type": "xlsx",
        "skip": 1,
        "sample_field": "id",
        "value_field": "bcarot",
        "tab": 0,
        "flag_field": "",
        "comment_field": "",
        "allow_blank": false,
        "allow_replicate": true
    }
},
{
    "model": "settingsdb.sampletypeconfig",
    "pk": 60,
    "fields": {
        "sample_type": 20,
        "file_type": "xlsx",
        "skip": 1,
        "sample_field": "id",
        "value_field": "but19",
        "tab": 0,
        "flag_field": "",
        "comment_field": "",
        "allow_blank": false,
        "allow_replicate": true
    }
},
{
    "model": "settingsdb.sampletypeconfig",
    "pk": 61,
    "fields": {
        "sample_type": 21,
        "file_type": "xlsx",
        "skip": 1,
        "sample_field": "id",
        "value_field": "butlike",
        "tab": 0,
        "flag_field": "",
        "comment_field": "",
        "allow_blank": false,
        "allow_replicate": true
    }
},
{
    "model": "settingsdb.sampletypeconfig",
    "pk": 62,
    "fields": {
        "sample_type": 22,
        "file_type": "xlsx",
        "skip": 1,
        "sample_field": "id",
        "value_field": "hplchla",
        "tab": 0,
        "flag_field": "",
        "comment_field": "",
        "allow_blank": false,
        "allow_replicate": true
    }
},
{
    "model": "settingsdb.sampletypeconfig",
    "pk": 63,
    "fields": {
        "sample_type": 23,
        "file_type": "xlsx",
        "skip": 1,
        "sample_field": "id",
        "value_field": "chlb",
        "tab": 0,
        "flag_field": "",
        "comment_field": "",
        "allow_blank": false,
        "allow_replicate": true
    }
},
{
    "model": "settingsdb.sampletypeconfig",
    "pk": 64,
    "fields": {
        "sample_type": 24,
        "file_type": "xlsx",
        "skip": 1,
        "sample_field": "id",
        "value_field": "chlc12",
        "tab": 0,
        "flag_field": "",
        "comment_field": "",
        "allow_blank": false,
        "allow_replicate": true
    }
},
{
    "model": "settingsdb.sampletypeconfig",
    "pk": 65,
    "fields": {
        "sample_type": 25,
        "file_type": "xlsx",
        "skip": 1,
        "sample_field": "id",
        "value_field": "chlc3",
        "tab": 0,
        "flag_field": "",
        "comment_field": "",
        "allow_blank": false,
        "allow_replicate": true
    }
},
{
    "model": "settingsdb.sampletypeconfig",
    "pk": 66,
    "fields": {
        "sample_type": 26,
        "file_type": "xlsx",
        "skip": 1,
        "sample_field": "id",
        "value_field": "chlidea",
        "tab": 0,
        "flag_field": "",
        "comment_field": "",
        "allow_blank": false,
        "allow_replicate": true
    }
},
{
    "model": "settingsdb.sampletypeconfig",
    "pk": 67,
    "fields": {
        "sample_type": 27,
        "file_type": "xlsx",
        "skip": 1,
        "sample_field": "id",
        "value_field": "diadinox",
        "tab": 0,
        "flag_field": "",
        "comment_field": "",
        "allow_blank": false,
        "allow_replicate": true
    }
},
{
    "model": "settingsdb.sampletypeconfig",
    "pk": 68,
    "fields": {
        "sample_type": 28,
        "file_type": "xlsx",
        "skip": 1,
        "sample_field": "id",
        "value_field": "diatox",
        "tab": 0,
        "flag_field": "",
        "comment_field": "",
        "allow_blank": false,
        "allow_replicate": true
    }
},
{
    "model": "settingsdb.sampletypeconfig",
    "pk": 69,
    "fields": {
        "sample_type": 29,
        "file_type": "xlsx",
        "skip": 1,
        "sample_field": "id",
        "value_field": "fucox",
        "tab": 0,
        "flag_field": "",
        "comment_field": "",
        "allow_blank": false,
        "allow_replicate": true
    }
},
{
    "model": "settingsdb.sampletypeconfig",
    "pk": 70,
    "fields": {
        "sample_type": 30,
        "file_type": "xlsx",
        "skip": 1,
        "sample_field": "id",
        "value_field": "hex19",
        "tab": 0,
        "flag_field": "",
        "comment_field": "",
        "allow_blank": false,
        "allow_replicate": true
    }
},
{
    "model": "settingsdb.sampletypeconfig",
    "pk": 71,
    "fields": {
        "sample_type": 31,
        "file_type": "xlsx",
        "skip": 1,
        "sample_field": "id",
        "value_field": "hexlike",
        "tab": 0,
        "flag_field": "",
        "comment_field": "",
        "allow_blank": false,
        "allow_replicate": true
    }
},
{
    "model": "settingsdb.sampletypeconfig",
    "pk": 72,
    "fields": {
        "sample_type": 32,
        "file_type": "xlsx",
        "skip": 1,
        "sample_field": "id",
        "value_field": "hexlike2",
        "tab": 0,
        "flag_field": "",
        "comment_field": "",
        "allow_blank": false,
        "allow_replicate": true
    }
},
{
    "model": "settingsdb.sampletypeconfig",
    "pk": 73,
    "fields": {
        "sample_type": 33,
        "file_type": "xlsx",
        "skip": 1,
        "sample_field": "id",
        "value_field": "perid",
        "tab": 0,
        "flag_field": "",
        "comment_field": "",
        "allow_blank": false,
        "allow_replicate": true
    }
},
{
    "model": "settingsdb.sampletypeconfig",
    "pk": 74,
    "fields": {
        "sample_type": 34,
        "file_type": "xlsx",
        "skip": 1,
        "sample_field": "id",
        "value_field": "hplcphae",
        "tab": 0,
        "flag_field": "",
        "comment_field": "",
        "allow_blank": false,
        "allow_replicate": true
    }
},
{
    "model": "settingsdb.sampletypeconfig",
    "pk": 75,
    "fields": {
        "sample_type": 35,
        "file_type": "xlsx",
        "skip": 1,
        "sample_field": "id",
        "value_field": "prasinox",
        "tab": 0,
        "flag_field": "",
        "comment_field": "",
        "allow_blank": false,
        "allow_replicate": true
    }
},
{
    "model": "settingsdb.sampletypeconfig",
    "pk": 76,
    "fields": {
        "sample_type": 37,
        "file_type": "xlsx",
        "skip": 1,
        "sample_field": "id",
        "value_field": "violax",
        "tab": 0,
        "flag_field": "",
        "comment_field": "",
        "allow_blank": false,
        "allow_replicate": true
    }
},
{
    "model": "settingsdb.sampletypeconfig",
    "pk": 77,
    "fields": {
        "sample_type": 40,
        "file_type": "csv",
        "skip": 1,
        "sample_field": "id",
        "value_field": "sf6_fmol_L",
        "tab": 0,
        "flag_field": "",
        "comment_field": "",
        "allow_blank": false,
        "allow_replicate": true
    }
},
{
    "model": "settingsdb.sampletypeconfig",
    "pk": 78,
    "fields": {
        "sample_type": 3,
        "file_type": "xlsx",
        "skip": 18,
        "sample_field": "i.d.",
        "value_field": "chl.",
        "tab": 0,
        "flag_field": "",
        "comment_field": "",
        "allow_blank": true,
        "allow_replicate": true
    }
},
{
    "model": "settingsdb.sampletypeconfig",
    "pk": 79,
    "fields": {
        "sample_type": 4,
        "file_type": "xlsx",
        "skip": 18,
        "sample_field": "i.d.",
        "value_field": "phae.",
        "tab": 0,
        "flag_field": "",
        "comment_field": "",
        "allow_blank": true,
        "allow_replicate": true
    }
},
{
    "model": "settingsdb.sampletypeconfig",
    "pk": 80,
    "fields": {
        "sample_type": 6,
        "file_type": "xlsx",
        "skip": 18,
        "sample_field": "i.d.",
        "value_field": "mean p",
        "tab": 0,
        "flag_field": "",
        "comment_field": "",
        "allow_blank": true,
        "allow_replicate": true
    }
},
{
    "model": "settingsdb.sampletypeconfig",
    "pk": 81,
    "fields": {
        "sample_type": 5,
        "file_type": "xlsx",
        "skip": 18,
        "sample_field": "i.d.",
        "value_field": "mean c",
        "tab": 0,
        "flag_field": "",
        "comment_field": "",
        "allow_blank": true,
        "allow_replicate": true
    }
},
{
    "model": "settingsdb.fileconfiguration",
    "pk": 1,
    "fields": {
        "file_type": "elog",
        "required_field": "event",
        "mapped_field": "Event",
        "description": "Label identifying the elog event number"
    }
},
{
    "model": "settingsdb.fileconfiguration",
    "pk": 2,
    "fields": {
        "file_type": "elog",
        "required_field": "time_position",
        "mapped_field": "Time|Position",
        "description": "Label identifying the time|position string of an action"
    }
},
{
    "model": "settingsdb.fileconfiguration",
    "pk": 3,
    "fields": {
        "file_type": "elog",
        "required_field": "station",
        "mapped_field": "Station",
        "description": "Label identifying the station of the event"
    }
},
{
    "model": "settingsdb.fileconfiguration",
    "pk": 4,
    "fields": {
        "file_type": "elog",
        "required_field": "action",
        "mapped_field": "Action",
        "description": "Label identifying an elog action"
    }
},
{
    "model": "settingsdb.fileconfiguration",
    "pk": 5,
    "fields": {
        "file_type": "elog",
        "required_field": "instrument",
        "mapped_field": "Instrument",
        "description": "Label identifying the instrument of the event"
    }
},
{
    "model": "settingsdb.fileconfiguration",
    "pk": 6,
    "fields": {
        "file_type": "elog",
        "required_field": "lead_scientist",
        "mapped_field": "PI",
        "description": "Label identifying the lead scientists of the mission"
    }
},
{
    "model": "settingsdb.fileconfiguration",
    "pk": 7,
    "fields": {
        "file_type": "elog",
        "required_field": "protocol",
        "mapped_field": "Protocol",
        "description": "Label identifying the protocol of the mission"
    }
},
{
    "model": "settingsdb.fileconfiguration",
    "pk": 8,
    "fields": {
        "file_type": "elog",
        "required_field": "cruise",
        "mapped_field": "Cruise",
        "description": "Label identifying the cruse name of the mission"
    }
},
{
    "model": "settingsdb.fileconfiguration",
    "pk": 9,
    "fields": {
        "file_type": "elog",
        "required_field": "platform",
        "mapped_field": "Platform",
        "description": "Label identifying the ship name used for the mission"
    }
},
{
    "model": "settingsdb.fileconfiguration",
    "pk": 10,
    "fields": {
        "file_type": "elog",
        "required_field": "attached",
        "mapped_field": "Attached",
        "description": "Label identifying accessories attached to equipment"
    }
},
{
    "model": "settingsdb.fileconfiguration",
    "pk": 11,
    "fields": {
        "file_type": "elog",
        "required_field": "start_sample_id",
        "mapped_field": "Sample ID",
        "description": "Label identifying a lone bottle, or starting bottle in a sequence"
    }
},
{
    "model": "settingsdb.fileconfiguration",
    "pk": 12,
    "fields": {
        "file_type": "elog",
        "required_field": "end_sample_id",
        "mapped_field": "End_Sample_ID",
        "description": "Label identifying the ending bottle in a sequence"
    }
},
{
    "model": "settingsdb.fileconfiguration",
    "pk": 13,
    "fields": {
        "file_type": "elog",
        "required_field": "comment",
        "mapped_field": "Comment",
        "description": "Label identifying an action comment"
    }
},
{
    "model": "settingsdb.fileconfiguration",
    "pk": 14,
    "fields": {
        "file_type": "elog",
        "required_field": "data_collector",
        "mapped_field": "Author",
        "description": "Label identifying who logged the elog action"
    }
},
{
    "model": "settingsdb.fileconfiguration",
    "pk": 15,
    "fields": {
        "file_type": "elog",
        "required_field": "sounding",
        "mapped_field": "Sounding",
        "description": "Label identifying the sounding depth of the action"
    }
},
{
    "model": "settingsdb.fileconfiguration",
    "pk": 16,
    "fields": {
        "file_type": "elog",
        "required_field": "wire_out",
        "mapped_field": "Wire out",
        "description": "Label identifying how much wire was unspooled for a net event"
    }
},
{
    "model": "settingsdb.fileconfiguration",
    "pk": 17,
    "fields": {
        "file_type": "elog",
        "required_field": "flow_start",
        "mapped_field": "Flowmeter Start",
        "description": "Label for the starting value of a flowmeter for a net event"
    }
},
{
    "model": "settingsdb.fileconfiguration",
    "pk": 18,
    "fields": {
        "file_type": "elog",
        "required_field": "flow_end",
        "mapped_field": "Flowmeter End",
        "description": "Label for the ending value of a flowmeter for a net event"
    }
},
{
    "model": "settingsdb.globalstation",
    "pk": 1,
    "fields": {
        "name": "NEC_01"
    }
},
{
    "model": "settingsdb.globalstation",
    "pk": 2,
    "fields": {
        "name": "NEC_02"
    }
},
{
    "model": "settingsdb.globalstation",
    "pk": 3,
    "fields": {
        "name": "NEC_03"
    }
},
{
    "model": "settingsdb.globalstation",
    "pk": 4,
    "fields": {
        "name": "NEC_04"
    }
},
{
    "model": "settingsdb.globalstation",
    "pk": 5,
    "fields": {
        "name": "NEC_05"
    }
},
{
    "model": "settingsdb.globalstation",
    "pk": 6,
    "fields": {
        "name": "NEC_06"
    }
},
{
    "model": "settingsdb.globalstation",
    "pk": 7,
    "fields": {
        "name": "NEC_07"
    }
},
{
    "model": "settingsdb.globalstation",
    "pk": 8,
    "fields": {
        "name": "NEC_08"
    }
},
{
    "model": "settingsdb.globalstation",
    "pk": 9,
    "fields": {
        "name": "NEC_09"
    }
},
{
    "model": "settingsdb.globalstation",
    "pk": 10,
    "fields": {
        "name": "NEC_10"
    }
},
{
    "model": "settingsdb.globalstation",
    "pk": 11,
    "fields": {
        "name": "BBL_01"
    }
},
{
    "model": "settingsdb.globalstation",
    "pk": 12,
    "fields": {
        "name": "BBL_02"
    }
},
{
    "model": "settingsdb.globalstation",
    "pk": 13,
    "fields": {
        "name": "BBL_03"
    }
},
{
    "model": "settingsdb.globalstation",
    "pk": 14,
    "fields": {
        "name": "BBL_04"
    }
},
{
    "model": "settingsdb.globalstation",
    "pk": 15,
    "fields": {
        "name": "BBL_05"
    }
},
{
    "model": "settingsdb.globalstation",
    "pk": 16,
    "fields": {
        "name": "BBL_06"
    }
},
{
    "model": "settingsdb.globalstation",
    "pk": 17,
    "fields": {
        "name": "BBL_07"
    }
},
{
    "model": "settingsdb.globalstation",
    "pk": 18,
    "fields": {
        "name": "HL_01"
    }
},
{
    "model": "settingsdb.globalstation",
    "pk": 19,
    "fields": {
        "name": "HL_02"
    }
},
{
    "model": "settingsdb.globalstation",
    "pk": 20,
    "fields": {
        "name": "HL_03"
    }
},
{
    "model": "settingsdb.globalstation",
    "pk": 21,
    "fields": {
        "name": "HL_03.3"
    }
},
{
    "model": "settingsdb.globalstation",
    "pk": 22,
    "fields": {
        "name": "HL_04"
    }
},
{
    "model": "settingsdb.globalstation",
    "pk": 23,
    "fields": {
        "name": "HL_05"
    }
},
{
    "model": "settingsdb.globalstation",
    "pk": 24,
    "fields": {
        "name": "HL_05.5"
    }
},
{
    "model": "settingsdb.globalstation",
    "pk": 25,
    "fields": {
        "name": "HL_06"
    }
},
{
    "model": "settingsdb.globalstation",
    "pk": 26,
    "fields": {
        "name": "HL_06.3"
    }
},
{
    "model": "settingsdb.globalstation",
    "pk": 27,
    "fields": {
        "name": "HL_06.7"
    }
},
{
    "model": "settingsdb.globalstation",
    "pk": 28,
    "fields": {
        "name": "HL_07"
    }
},
{
    "model": "settingsdb.globalstation",
    "pk": 29,
    "fields": {
        "name": "GUL_01"
    }
},
{
    "model": "settingsdb.globalstation",
    "pk": 30,
    "fields": {
        "name": "GUL_02"
    }
},
{
    "model": "settingsdb.globalstation",
    "pk": 31,
    "fields": {
        "name": "GUL_03"
    }
},
{
    "model": "settingsdb.globalstation",
    "pk": 32,
    "fields": {
        "name": "GUL_04"
    }
},
{
    "model": "settingsdb.globalstation",
    "pk": 33,
    "fields": {
        "name": "GULD_03"
    }
},
{
    "model": "settingsdb.globalstation",
    "pk": 34,
    "fields": {
        "name": "LCM_01"
    }
},
{
    "model": "settingsdb.globalstation",
    "pk": 35,
    "fields": {
        "name": "LCM_02"
    }
},
{
    "model": "settingsdb.globalstation",
    "pk": 36,
    "fields": {
        "name": "LCM_03"
    }
},
{
    "model": "settingsdb.globalstation",
    "pk": 37,
    "fields": {
        "name": "LCM_04"
    }
},
{
    "model": "settingsdb.globalstation",
    "pk": 38,
    "fields": {
        "name": "LCM_05"
    }
},
{
    "model": "settingsdb.globalstation",
    "pk": 39,
    "fields": {
        "name": "LCM_06"
    }
},
{
    "model": "settingsdb.globalstation",
    "pk": 40,
    "fields": {
        "name": "LCM_07"
    }
},
{
    "model": "settingsdb.globalstation",
    "pk": 41,
    "fields": {
        "name": "LCM_08"
    }
},
{
    "model": "settingsdb.globalstation",
    "pk": 42,
    "fields": {
        "name": "LCM_09"
    }
},
{
    "model": "settingsdb.globalstation",
    "pk": 43,
    "fields": {
        "name": "LCM_10"
    }
},
{
    "model": "settingsdb.globalstation",
    "pk": 44,
    "fields": {
        "name": "LL_01"
    }
},
{
    "model": "settingsdb.globalstation",
    "pk": 45,
    "fields": {
        "name": "LL_02"
    }
},
{
    "model": "settingsdb.globalstation",
    "pk": 46,
    "fields": {
        "name": "LL_03"
    }
},
{
    "model": "settingsdb.globalstation",
    "pk": 47,
    "fields": {
        "name": "LL_04"
    }
},
{
    "model": "settingsdb.globalstation",
    "pk": 48,
    "fields": {
        "name": "LL_05"
    }
},
{
    "model": "settingsdb.globalstation",
    "pk": 49,
    "fields": {
        "name": "LL_06"
    }
},
{
    "model": "settingsdb.globalstation",
    "pk": 50,
    "fields": {
        "name": "LL_07"
    }
},
{
    "model": "settingsdb.globalstation",
    "pk": 51,
    "fields": {
        "name": "LL_08"
    }
},
{
    "model": "settingsdb.globalstation",
    "pk": 52,
    "fields": {
        "name": "LL_09"
    }
},
{
    "model": "settingsdb.globalstation",
    "pk": 53,
    "fields": {
        "name": "CSL_01"
    }
},
{
    "model": "settingsdb.globalstation",
    "pk": 54,
    "fields": {
        "name": "CSL_02"
    }
},
{
    "model": "settingsdb.globalstation",
    "pk": 55,
    "fields": {
        "name": "CSL_03"
    }
},
{
    "model": "settingsdb.globalstation",
    "pk": 56,
    "fields": {
        "name": "CSL_04"
    }
},
{
    "model": "settingsdb.globalstation",
    "pk": 57,
    "fields": {
        "name": "CSL_05"
    }
},
{
    "model": "settingsdb.globalstation",
    "pk": 58,
    "fields": {
        "name": "CSL_06"
    }
},
{
    "model": "settingsdb.globalstation",
    "pk": 59,
    "fields": {
        "name": "STAB_01"
    }
},
{
    "model": "settingsdb.globalstation",
    "pk": 60,
    "fields": {
        "name": "STAB_02"
    }
},
{
    "model": "settingsdb.globalstation",
    "pk": 61,
    "fields": {
        "name": "STAB_03"
    }
},
{
    "model": "settingsdb.globalstation",
    "pk": 62,
    "fields": {
        "name": "STAB_04"
    }
},
{
    "model": "settingsdb.globalstation",
    "pk": 63,
    "fields": {
        "name": "STAB_05"
    }
},
{
    "model": "settingsdb.globalstation",
    "pk": 64,
    "fields": {
        "name": "STAB_06"
    }
}
]
